Name,Age,Sex,Tagline,Photo,,,,
Taylor10,22,F,Entertainer at BigMachine records,https://s3-us-west-1.amazonaws.com/flixnchill/10.jpg,,https://s3-us-west-1.amazonaws.com/flixnchill/,10,.jpg
Taylor11,22,F,Entertainer at BigMachine records,https://s3-us-west-1.amazonaws.com/flixnchill/11.jpg,,https://s3-us-west-1.amazonaws.com/flixnchill/,11,.jpg
Taylor12,22,F,Entertainer at BigMachine records,https://s3-us-west-1.amazonaws.com/flixnchill/12.jpg,,https://s3-us-west-1.amazonaws.com/flixnchill/,12,.jpg
Taylor13,22,F,Entertainer at BigMachine records,https://s3-us-west-1.amazonaws.com/flixnchill/13.jpg,,https://s3-us-west-1.amazonaws.com/flixnchill/,13,.jpg
Taylor14,22,F,Entertainer at BigMachine records,https://s3-us-west-1.amazonaws.com/flixnchill/14.jpg,,https://s3-us-west-1.amazonaws.com/flixnchill/,14,.jpg
Taylor15,22,F,Entertainer at BigMachine records,https://s3-us-west-1.amazonaws.com/flixnchill/15.jpg,,https://s3-us-west-1.amazonaws.com/flixnchill/,15,.jpg
Taylor16,22,F,Entertainer at BigMachine records,https://s3-us-west-1.amazonaws.com/flixnchill/16.jpg,,https://s3-us-west-1.amazonaws.com/flixnchill/,16,.jpg
Taylor17,22,F,Entertainer at BigMachine records,https://s3-us-west-1.amazonaws.com/flixnchill/17.jpg,,https://s3-us-west-1.amazonaws.com/flixnchill/,17,.jpg
Taylor18,22,F,Entertainer at BigMachine records,https://s3-us-west-1.amazonaws.com/flixnchill/18.jpg,,https://s3-us-west-1.amazonaws.com/flixnchill/,18,.jpg
Taylor19,22,F,Entertainer at BigMachine records,https://s3-us-west-1.amazonaws.com/flixnchill/19.jpg,,https://s3-us-west-1.amazonaws.com/flixnchill/,19,.jpg
Taylor20,22,F,Entertainer at BigMachine records,https://s3-us-west-1.amazonaws.com/flixnchill/20.jpg,,https://s3-us-west-1.amazonaws.com/flixnchill/,20,.jpg
Taylor21,22,F,Entertainer at BigMachine records,https://s3-us-west-1.amazonaws.com/flixnchill/21.jpg,,https://s3-us-west-1.amazonaws.com/flixnchill/,21,.jpg
Taylor22,22,F,Entertainer at BigMachine records,https://s3-us-west-1.amazonaws.com/flixnchill/22.jpg,,https://s3-us-west-1.amazonaws.com/flixnchill/,22,.jpg
Taylor23,22,F,Entertainer at BigMachine records,https://s3-us-west-1.amazonaws.com/flixnchill/23.jpg,,https://s3-us-west-1.amazonaws.com/flixnchill/,23,.jpg
Taylor24,22,F,Entertainer at BigMachine records,https://s3-us-west-1.amazonaws.com/flixnchill/24.jpg,,https://s3-us-west-1.amazonaws.com/flixnchill/,24,.jpg
Taylor25,22,F,Entertainer at BigMachine records,https://s3-us-west-1.amazonaws.com/flixnchill/25.jpg,,https://s3-us-west-1.amazonaws.com/flixnchill/,25,.jpg
Taylor26,22,F,Entertainer at BigMachine records,https://s3-us-west-1.amazonaws.com/flixnchill/26.jpg,,https://s3-us-west-1.amazonaws.com/flixnchill/,26,.jpg
Taylor27,22,F,Entertainer at BigMachine records,https://s3-us-west-1.amazonaws.com/flixnchill/27.jpg,,https://s3-us-west-1.amazonaws.com/flixnchill/,27,.jpg
Taylor28,22,F,Entertainer at BigMachine records,https://s3-us-west-1.amazonaws.com/flixnchill/28.jpg,,https://s3-us-west-1.amazonaws.com/flixnchill/,28,.jpg
Taylor29,22,F,Entertainer at BigMachine records,https://s3-us-west-1.amazonaws.com/flixnchill/29.jpg,,https://s3-us-west-1.amazonaws.com/flixnchill/,29,.jpg
Taylor30,22,F,Entertainer at BigMachine records,https://s3-us-west-1.amazonaws.com/flixnchill/30.jpg,,https://s3-us-west-1.amazonaws.com/flixnchill/,30,.jpg
Taylor31,22,F,Entertainer at BigMachine records,https://s3-us-west-1.amazonaws.com/flixnchill/31.jpg,,https://s3-us-west-1.amazonaws.com/flixnchill/,31,.jpg
Taylor32,22,F,Entertainer at BigMachine records,https://s3-us-west-1.amazonaws.com/flixnchill/32.jpg,,https://s3-us-west-1.amazonaws.com/flixnchill/,32,.jpg
Taylor33,22,F,Entertainer at BigMachine records,https://s3-us-west-1.amazonaws.com/flixnchill/33.jpg,,https://s3-us-west-1.amazonaws.com/flixnchill/,33,.jpg
Taylor34,22,F,Entertainer at BigMachine records,https://s3-us-west-1.amazonaws.com/flixnchill/34.jpg,,https://s3-us-west-1.amazonaws.com/flixnchill/,34,.jpg
Taylor35,22,F,Entertainer at BigMachine records,https://s3-us-west-1.amazonaws.com/flixnchill/35.jpg,,https://s3-us-west-1.amazonaws.com/flixnchill/,35,.jpg
Taylor36,22,F,Entertainer at BigMachine records,https://s3-us-west-1.amazonaws.com/flixnchill/36.jpg,,https://s3-us-west-1.amazonaws.com/flixnchill/,36,.jpg
Taylor37,22,F,Entertainer at BigMachine records,https://s3-us-west-1.amazonaws.com/flixnchill/37.jpg,,https://s3-us-west-1.amazonaws.com/flixnchill/,37,.jpg
Taylor38,22,F,Entertainer at BigMachine records,https://s3-us-west-1.amazonaws.com/flixnchill/38.jpg,,https://s3-us-west-1.amazonaws.com/flixnchill/,38,.jpg
Taylor39,22,F,Entertainer at BigMachine records,https://s3-us-west-1.amazonaws.com/flixnchill/39.jpg,,https://s3-us-west-1.amazonaws.com/flixnchill/,39,.jpg
Taylor40,22,F,Entertainer at BigMachine records,https://s3-us-west-1.amazonaws.com/flixnchill/40.jpg,,https://s3-us-west-1.amazonaws.com/flixnchill/,40,.jpg
Taylor41,22,F,Entertainer at BigMachine records,https://s3-us-west-1.amazonaws.com/flixnchill/41.jpg,,https://s3-us-west-1.amazonaws.com/flixnchill/,41,.jpg
Taylor42,22,F,Entertainer at BigMachine records,https://s3-us-west-1.amazonaws.com/flixnchill/42.jpg,,https://s3-us-west-1.amazonaws.com/flixnchill/,42,.jpg
Taylor43,22,F,Entertainer at BigMachine records,https://s3-us-west-1.amazonaws.com/flixnchill/43.jpg,,https://s3-us-west-1.amazonaws.com/flixnchill/,43,.jpg
Taylor44,22,F,Entertainer at BigMachine records,https://s3-us-west-1.amazonaws.com/flixnchill/44.jpg,,https://s3-us-west-1.amazonaws.com/flixnchill/,44,.jpg
Taylor45,22,F,Entertainer at BigMachine records,https://s3-us-west-1.amazonaws.com/flixnchill/45.jpg,,https://s3-us-west-1.amazonaws.com/flixnchill/,45,.jpg
Taylor46,22,F,Entertainer at BigMachine records,https://s3-us-west-1.amazonaws.com/flixnchill/46.jpg,,https://s3-us-west-1.amazonaws.com/flixnchill/,46,.jpg
Taylor47,22,F,Entertainer at BigMachine records,https://s3-us-west-1.amazonaws.com/flixnchill/47.jpg,,https://s3-us-west-1.amazonaws.com/flixnchill/,47,.jpg
Taylor48,22,F,Entertainer at BigMachine records,https://s3-us-west-1.amazonaws.com/flixnchill/48.jpg,,https://s3-us-west-1.amazonaws.com/flixnchill/,48,.jpg
Taylor49,22,F,Entertainer at BigMachine records,https://s3-us-west-1.amazonaws.com/flixnchill/49.jpg,,https://s3-us-west-1.amazonaws.com/flixnchill/,49,.jpg
Taylor50,22,F,Entertainer at BigMachine records,https://s3-us-west-1.amazonaws.com/flixnchill/50.jpg,,https://s3-us-west-1.amazonaws.com/flixnchill/,50,.jpg
Taylor51,22,F,Entertainer at BigMachine records,https://s3-us-west-1.amazonaws.com/flixnchill/51.jpg,,https://s3-us-west-1.amazonaws.com/flixnchill/,51,.jpg
Taylor52,22,F,Entertainer at BigMachine records,https://s3-us-west-1.amazonaws.com/flixnchill/52.jpg,,https://s3-us-west-1.amazonaws.com/flixnchill/,52,.jpg
Taylor53,22,F,Entertainer at BigMachine records,https://s3-us-west-1.amazonaws.com/flixnchill/53.jpg,,https://s3-us-west-1.amazonaws.com/flixnchill/,53,.jpg
Taylor54,22,F,Entertainer at BigMachine records,https://s3-us-west-1.amazonaws.com/flixnchill/54.jpg,,https://s3-us-west-1.amazonaws.com/flixnchill/,54,.jpg
Taylor55,22,F,Entertainer at BigMachine records,https://s3-us-west-1.amazonaws.com/flixnchill/55.jpg,,https://s3-us-west-1.amazonaws.com/flixnchill/,55,.jpg
Taylor56,22,F,Entertainer at BigMachine records,https://s3-us-west-1.amazonaws.com/flixnchill/56.jpg,,https://s3-us-west-1.amazonaws.com/flixnchill/,56,.jpg
Taylor57,22,F,Entertainer at BigMachine records,https://s3-us-west-1.amazonaws.com/flixnchill/57.jpg,,https://s3-us-west-1.amazonaws.com/flixnchill/,57,.jpg
Taylor58,22,F,Entertainer at BigMachine records,https://s3-us-west-1.amazonaws.com/flixnchill/58.jpg,,https://s3-us-west-1.amazonaws.com/flixnchill/,58,.jpg
Taylor59,22,F,Entertainer at BigMachine records,https://s3-us-west-1.amazonaws.com/flixnchill/59.jpg,,https://s3-us-west-1.amazonaws.com/flixnchill/,59,.jpg
Taylor60,22,F,Entertainer at BigMachine records,https://s3-us-west-1.amazonaws.com/flixnchill/60.jpg,,https://s3-us-west-1.amazonaws.com/flixnchill/,60,.jpg
Taylor61,22,F,Entertainer at BigMachine records,https://s3-us-west-1.amazonaws.com/flixnchill/61.jpg,,https://s3-us-west-1.amazonaws.com/flixnchill/,61,.jpg
Taylor62,22,F,Entertainer at BigMachine records,https://s3-us-west-1.amazonaws.com/flixnchill/62.jpg,,https://s3-us-west-1.amazonaws.com/flixnchill/,62,.jpg
Taylor63,22,F,Entertainer at BigMachine records,https://s3-us-west-1.amazonaws.com/flixnchill/63.jpg,,https://s3-us-west-1.amazonaws.com/flixnchill/,63,.jpg